{
    "TCN": {
        "batch_size": 32,
        "tcn_dropout": 0.40790795569426785,
        "tcn_leaky_slope": 0.2608152750046324,
        "tcn_kernel_size": 5,
        "tcn_channels_option": 1,
        "optimizer": "adam",
        "lr": 0.0024090238563749004,
        "weight_decay": 3.090240851296197e-06
    }
}