{
    "TCN": {
        "batch_size": 128,
        "tcn_dropout": 0.4780003395861791,
        "tcn_leaky_slope": 0.1284525066146185,
        "tcn_kernel_size": 5,
        "tcn_channels_option": 0,
        "optimizer": "adamw",
        "lr": 0.0014584183844302903,
        "weight_decay": 0.000200795620999658
    }
}